Time,E135,E140,E142,E161,E165,E167,E181,E235,E240,E242,E261,E265,E267,E281,E335,E340,ESH141A,ESH144A,ESH160A,ESH170,ESH171,ESH172,ESH173,ESH174,ESH175,ESH183,ESH184,ESH241A,ESH244A,ESH260A,ESH270,ESH271,ESH272,ESH273,ESH274,ESH275,ESH283,ESH284,ESH341A,ESH344A
2008-03-21 15:11:08.372000-07:00,25.27443314,25.27443314,0.0,0.014648661,0.073243305,0.14648661,0.0,25.71389389,25.69924545,0.014648661,0.0,0.219729915,0.219729915,0.0,21.93362236,21.93362236,0.0,0.0,0.0,0.0,0.0,0.0,0.0,0.0,0.0,0.0,0.0,0.0,0.0,0.0,0.0,0.0,0.0,0.0,0.0,0.0,0.0,0.0,0.0,0.0
2008-03-21 15:11:08.872000-07:00,25.27443314,25.28908157,0.0,0.029297322,0.14648661,0.14648661,0.014648661,25.71389389,25.69924545,0.029297322,0.014648661,0.219729915,0.219729915,0.0,21.93362236,21.94827271,0.0,0.0,0.0,0.0,0.0,0.0,0.0,0.0,0.0,0.0,0.0,0.0,0.0,0.0,0.0,0.0,0.0,0.0,0.0,0.0,0.0,0.0,0.0,0.0
2008-03-21 15:11:09.372000-07:00,25.27443314,25.27443314,0.0,0.014648661,0.073243305,0.073243305,0.0,25.71389389,25.71389389,0.014648661,0.014648661,0.219729915,0.219729915,0.014648661,21.96292114,21.94827271,0.0,0.0,0.0,0.0,0.0,0.0,0.0,0.0,0.0,0.0,0.0,0.0,0.0,0.0,0.0,0.0,0.0,0.0,0.0,0.0,0.0,0.0,0.0,0.0
2008-03-21 15:11:09.872000-07:00,25.27443314,25.28908157,0.029297322,0.029297322,0.073243305,0.073243305,0.014648661,25.71389389,25.69924545,0.014648661,0.0,0.29297322,0.219729915,0.0,21.96292114,21.94827271,0.0,0.0,0.0,0.0,0.0,0.0,0.0,0.0,0.0,0.0,0.0,0.0,0.0,0.0,0.0,0.0,0.0,0.0,0.0,0.0,0.0,0.0,0.0,0.0
2008-03-21 15:11:10.372000-07:00,25.27443314,25.28908157,0.0,0.014648661,0.073243305,0.073243305,0.0,25.71389389,25.71389389,0.0,0.0,0.29297322,0.14648661,0.014648661,21.96292114,21.94827271,0.0,0.0,0.0,0.0,0.0,0.0,0.0,0.0,0.0,0.0,0.0,0.0,0.0,0.0,0.0,0.0,0.0,0.0,0.0,0.0,0.0,0.0,0.0,0.0
2008-03-21 15:11:10.872000-07:00,25.27443314,25.28908157,0.014648661,0.014648661,0.073243305,0.073243305,0.014648661,25.71389389,25.69924545,0.029297322,0.014648661,0.29297322,0.219729915,0.014648661,21.96292114,21.96292114,0.0,0.0,0.0,0.0,0.0,0.0,0.0,0.0,0.0,0.0,0.0,0.0,0.0,0.0,0.0,0.0,0.0,0.0,0.0,0.0,0.0,0.0,0.0,0.0
2008-03-21 15:11:11.372000-07:00,25.2597847,25.27443314,0.0,0.014648661,0.073243305,0.073243305,0.014648661,25.71389389,25.69924545,0.014648661,0.0,0.219729915,0.219729915,0.0,21.96292114,21.96292114,0.0,0.0,0.0,0.0,0.0,0.0,0.0,0.0,0.0,0.0,0.0,0.0,0.0,0.0,0.0,0.0,0.0,0.0,0.0,0.0,0.0,0.0,0.0,0.0
2008-03-21 15:11:11.888000-07:00,25.27443314,25.2597847,0.014648661,0.014648661,0.073243305,0.073243305,0.014648661,25.71389389,25.71389389,0.029297322,0.014648661,0.219729915,0.219729915,0.014648661,21.96292114,21.96292114,0.0,0.0,0.0,0.0,0.0,0.0,0.0,0.0,0.0,0.0,0.0,0.0,0.0,0.0,0.0,0.0,0.0,0.0,0.0,0.0,0.0,0.0,0.0,0.0
2008-03-21 15:11:12.372000-07:00,25.27443314,25.27443314,0.014648661,0.014648661,0.14648661,0.073243305,0.0,25.71389389,25.69924545,0.029297322,0.014648661,0.219729915,0.219729915,0.0,21.96292114,21.96292114,0.0,0.0,0.0,0.0,0.0,0.0,0.0,0.0,0.0,0.0,0.0,0.0,0.0,0.0,0.0,0.0,0.0,0.0,0.0,0.0,0.0,0.0,0.0,0.0
2008-03-21 15:11:12.888000-07:00,25.27443314,25.27443314,0.0,0.014648661,0.073243305,0.073243305,0.0,25.71389389,25.69924545,0.0,0.0,0.219729915,0.14648661,0.014648661,21.96292114,21.94827271,0.0,0.0,0.0,0.0,0.0,0.0,0.0,0.0,0.0,0.0,0.0,0.0,0.0,0.0,0.0,0.0,0.0,0.0,0.0,0.0,0.0,0.0,0.0,0.0
2008-03-21 15:11:13.388000-07:00,25.27443314,25.27443314,0.029297322,0.014648661,0.14648661,0.14648661,0.0,25.71389389,25.69924545,0.0,0.0,0.219729915,0.219729915,0.014648661,21.96292114,21.94827271,0.0,0.0,0.0,0.0,0.0,0.0,0.0,0.0,0.0,0.0,0.0,0.0,0.0,0.0,0.0,0.0,0.0,0.0,0.0,0.0,0.0,0.0,0.0,0.0
2008-03-21 15:11:13.903000-07:00,25.27443314,25.27443314,0.0,0.014648661,0.14648661,0.073243305,0.0,25.71389389,25.69924545,0.014648661,0.014648661,0.219729915,0.219729915,0.0,21.96292114,21.94827271,0.0,0.0,0.0,0.0,0.0,0.0,0.0,0.0,0.0,0.0,0.0,0.0,0.0,0.0,0.0,0.0,0.0,0.0,0.0,0.0,0.0,0.0,0.0,0.0
2008-03-21 15:11:14.372000-07:00,25.2597847,25.28908157,0.0,0.014648661,0.073243305,0.073243305,0.0,25.71389389,25.69924545,0.0,0.0,0.29297322,0.219729915,0.0,21.96292114,21.94827271,0.0,0.0,0.0,0.0,0.0,0.0,0.0,0.0,0.0,0.0,0.0,0.0,0.0,0.0,0.0,0.0,0.0,0.0,0.0,0.0,0.0,0.0,0.0,0.0
2008-03-21 15:11:14.872000-07:00,25.27443314,25.27443314,0.0,0.029297322,0.073243305,0.073243305,0.0,25.71389389,25.69924545,0.014648661,0.0,0.219729915,0.219729915,0.014648661,21.96292114,21.94827271,0.0,0.0,0.0,0.0,0.0,0.0,0.0,0.0,0.0,0.0,0.0,0.0,0.0,0.0,0.0,0.0,0.0,0.0,0.0,0.0,0.0,0.0,0.0,0.0
2008-03-21 15:11:15.388000-07:00,25.27443314,25.2597847,0.014648661,0.014648661,0.073243305,0.073243305,0.0,25.71389389,25.69924545,0.0,0.014648661,0.219729915,0.219729915,0.014648661,21.96292114,21.94827271,0.0,0.0,0.0,0.0,0.0,0.0,0.0,0.0,0.0,0.0,0.0,0.0,0.0,0.0,0.0,0.0,0.0,0.0,0.0,0.0,0.0,0.0,0.0,0.0
2008-03-21 15:11:15.888000-07:00,25.27443314,25.2597847,0.0,0.014648661,0.14648661,0.073243305,0.0,25.71389389,25.69924545,0.014648661,0.014648661,0.219729915,0.219729915,0.014648661,21.96292114,21.94827271,0.0,0.0,0.0,0.0,0.0,0.0,0.0,0.0,0.0,0.0,0.0,0.0,0.0,0.0,0.0,0.0,0.0,0.0,0.0,0.0,0.0,0.0,0.0,0.0
2008-03-21 15:11:16.388000-07:00,25.27443314,25.27443314,0.0,0.014648661,0.073243305,0.073243305,0.0,25.69924545,25.68459511,0.043945983,0.014648661,0.219729915,0.219729915,0.014648661,21.96292114,21.94827271,0.0,0.0,0.0,0.0,0.0,0.0,0.0,0.0,0.0,0.0,0.0,0.0,0.0,0.0,0.0,0.0,0.0,0.0,0.0,0.0,0.0,0.0,0.0,0.0
2008-03-21 15:11:16.872000-07:00,25.27443314,25.28908157,25.30373001,0.014648661,0.073243305,0.073243305,0.014648661,25.69924545,25.69924545,0.014648661,0.0,0.219729915,0.219729915,0.014648661,21.96292114,21.94827271,1.0,0.0,0.0,0.0,0.0,0.0,0.0,0.0,0.0,0.0,0.0,0.0,0.0,0.0,0.0,0.0,0.0,0.0,0.0,0.0,0.0,0.0,0.0,0.0
2008-03-21 15:11:17.388000-07:00,25.28908157,25.27443314,25.30373001,0.014648661,0.073243305,0.073243305,0.014648661,25.71389389,25.69924545,0.014648661,0.014648661,0.219729915,0.219729915,0.014648661,21.96292114,21.94827271,1.0,0.0,0.0,0.0,0.0,0.0,0.0,0.0,0.0,0.0,0.0,0.0,0.0,0.0,0.0,0.0,0.0,0.0,0.0,0.0,0.0,0.0,0.0,0.0
2008-03-21 15:11:17.872000-07:00,25.27443314,25.2597847,25.28908157,0.014648661,0.073243305,0.073243305,0.014648661,25.71389389,25.69924545,0.029297322,0.014648661,0.219729915,0.219729915,0.014648661,21.96292114,21.94827271,1.0,0.0,0.0,0.0,0.0,0.0,0.0,0.0,0.0,0.0,0.0,0.0,0.0,0.0,0.0,0.0,0.0,0.0,0.0,0.0,0.0,0.0,0.0,0.0
2008-03-21 15:11:18.372000-07:00,25.27443314,25.27443314,25.30373001,0.014648661,0.073243305,0.073243305,0.0,25.71389389,25.69924545,0.014648661,0.0,0.219729915,0.14648661,0.0,21.96292114,21.94827271,1.0,0.0,0.0,0.0,0.0,0.0,0.0,0.0,0.0,0.0,0.0,0.0,0.0,0.0,0.0,0.0,0.0,0.0,0.0,0.0,0.0,0.0,0.0,0.0
2008-03-21 15:11:18.856000-07:00,25.27443314,25.27443314,25.28908157,0.014648661,0.073243305,0.073243305,0.0,25.71389389,25.69924545,0.029297322,0.014648661,0.219729915,0.219729915,0.0,21.96292114,21.94827271,1.0,0.0,0.0,0.0,0.0,0.0,0.0,0.0,0.0,0.0,0.0,0.0,0.0,0.0,0.0,0.0,0.0,0.0,0.0,0.0,0.0,0.0,0.0,0.0
2008-03-21 15:11:19.372000-07:00,25.27443314,25.28908157,25.28908157,25.27443314,0.073243305,0.073243305,25.27443314,25.69924545,25.71389389,0.014648661,0.0,0.29297322,0.219729915,0.014648661,21.93362236,21.94827271,1.0,0.0,1.0,0.0,0.0,0.0,0.0,0.0,0.0,0.0,0.0,0.0,0.0,0.0,0.0,0.0,0.0,0.0,0.0,0.0,0.0,0.0,0.0,0.0
2008-03-21 15:11:19.872000-07:00,25.2597847,25.27443314,25.27443314,25.2597847,0.14648661,0.073243305,25.28908157,25.71389389,25.68459511,0.014648661,0.0,0.219729915,0.219729915,0.0,21.93362236,21.94827271,1.0,0.0,1.0,0.0,0.0,0.0,0.0,0.0,0.0,0.0,0.0,0.0,0.0,0.0,0.0,0.0,0.0,0.0,0.0,0.0,0.0,0.0,0.0,0.0
2008-03-21 15:11:20.372000-07:00,25.2597847,25.2597847,25.27443314,25.24513626,0.073243305,0.073243305,25.27443314,25.69924545,25.69924545,0.029297322,0.0,0.219729915,0.219729915,0.0,21.93362236,21.94827271,1.0,0.0,1.0,0.0,0.0,0.0,0.0,0.0,0.0,0.0,0.0,0.0,0.0,0.0,0.0,0.0,0.0,0.0,0.0,0.0,0.0,0.0,0.0,0.0
2008-03-21 15:11:20.872000-07:00,25.24513626,25.23048782,25.23048782,25.23048782,0.073243305,0.073243305,25.23048782,25.69924545,25.68459511,0.029297322,0.0,0.219729915,0.219729915,0.0,21.93362236,21.94827271,1.0,0.0,1.0,0.0,0.0,0.0,0.0,0.0,0.0,0.0,0.0,0.0,0.0,0.0,0.0,0.0,0.0,0.0,0.0,0.0,0.0,0.0,0.0,0.0
2008-03-21 15:11:21.403000-07:00,25.24513626,25.23048782,25.23048782,25.23048782,0.073243305,0.073243305,25.23048782,25.71389389,25.66994667,0.0,0.0,0.219729915,0.219729915,0.014648661,21.93362236,21.94827271,1.0,0.0,1.0,0.0,0.0,0.0,0.0,0.0,0.0,0.0,0.0,0.0,0.0,0.0,0.0,0.0,0.0,0.0,0.0,0.0,0.0,0.0,0.0,0.0
2008-03-21 15:11:21.872000-07:00,25.23048782,25.17189217,25.1865406,25.1865406,0.073243305,0.073243305,25.20119095,25.71389389,25.68459511,0.014648661,0.0,0.219729915,0.219729915,0.0,21.93362236,21.94827271,1.0,0.0,1.0,0.0,0.0,0.0,0.0,0.0,0.0,0.0,0.0,0.0,0.0,0.0,0.0,0.0,0.0,0.0,0.0,0.0,0.0,0.0,0.0,0.0
2008-03-21 15:11:22.403000-07:00,25.24513626,25.24513626,25.27443314,25.24513626,0.073243305,0.073243305,25.24513626,25.71389389,25.69924545,0.043945983,0.0,0.219729915,0.219729915,0.0,21.93362236,21.94827271,1.0,0.0,1.0,0.0,0.0,0.0,0.0,0.0,0.0,0.0,0.0,0.0,0.0,0.0,0.0,0.0,0.0,0.0,0.0,0.0,0.0,0.0,0.0,0.0
2008-03-21 15:11:22.903000-07:00,25.2597847,25.24513626,25.24513626,25.24513626,0.219729915,0.29297322,25.2597847,25.71389389,25.69924545,0.014648661,0.0,0.219729915,0.219729915,0.014648661,21.93362236,21.94827271,1.0,0.0,1.0,0.0,0.0,0.0,0.0,0.0,0.0,0.0,0.0,0.0,0.0,0.0,0.0,0.0,0.0,0.0,0.0,0.0,0.0,0.0,0.0,0.0
2008-03-21 15:11:23.388000-07:00,25.24513626,25.23048782,25.21583939,25.21583939,0.219729915,0.219729915,25.23048782,25.71389389,25.69924545,0.043945983,0.0,0.219729915,0.219729915,0.014648661,21.93362236,21.94827271,1.0,0.0,1.0,0.0,0.0,0.0,0.0,0.0,0.0,0.0,0.0,0.0,0.0,0.0,0.0,0.0,0.0,0.0,0.0,0.0,0.0,0.0,0.0,0.0
2008-03-21 15:11:23.872000-07:00,25.24513626,25.21583939,25.20119095,25.21583939,0.219729915,0.219729915,25.23048782,25.71389389,25.68459511,0.029297322,0.0,0.219729915,0.219729915,0.0,21.93362236,21.94827271,1.0,0.0,1.0,0.0,0.0,0.0,0.0,0.0,0.0,0.0,0.0,0.0,0.0,0.0,0.0,0.0,0.0,0.0,0.0,0.0,0.0,0.0,0.0,0.0
2008-03-21 15:11:24.388000-07:00,25.24513626,25.21583939,25.21583939,25.20119095,0.219729915,0.29297322,25.23048782,25.69924545,25.68459511,0.014648661,0.0,0.219729915,0.219729915,0.014648661,21.93362236,21.94827271,1.0,0.0,1.0,0.0,0.0,0.0,0.0,0.0,0.0,0.0,0.0,0.0,0.0,0.0,0.0,0.0,0.0,0.0,0.0,0.0,0.0,0.0,0.0,0.0
2008-03-21 15:11:24.888000-07:00,25.24513626,25.21583939,25.21583939,25.20119095,0.219729915,0.219729915,25.21583939,25.69924545,25.68459511,0.029297322,0.0,0.219729915,0.219729915,0.014648661,21.93362236,21.94827271,1.0,0.0,1.0,0.0,0.0,0.0,0.0,0.0,0.0,0.0,0.0,0.0,0.0,0.0,0.0,0.0,0.0,0.0,0.0,0.0,0.0,0.0,0.0,0.0
2008-03-21 15:11:25.403000-07:00,25.24513626,25.21583939,25.21583939,25.20119095,120.9521627,121.0986471,25.21583939,25.71389389,25.68459511,0.0,0.0,0.29297322,0.219729915,0.014648661,21.93362236,21.94827271,1.0,0.0,1.0,0.0,0.0,0.0,0.0,0.0,0.0,0.0,0.0,0.0,0.0,0.0,0.0,0.0,0.0,0.0,0.0,0.0,0.0,0.0,0.0,0.0
2008-03-21 15:11:25.935000-07:00,25.24513626,25.20119095,25.21583939,25.21583939,121.1718893,121.2451315,25.21583939,25.69924545,25.68459511,0.029297322,0.0,0.219729915,0.219729915,0.014648661,21.93362236,21.94827271,1.0,0.0,1.0,0.0,0.0,0.0,0.0,0.0,0.0,0.0,0.0,0.0,0.0,0.0,0.0,0.0,0.0,0.0,0.0,0.0,0.0,0.0,0.0,0.0
2008-03-21 15:11:26.372000-07:00,25.24513626,25.20119095,25.20119095,25.20119095,121.1718893,121.3183737,25.21583939,25.71389389,25.66994667,0.043945983,0.0,0.219729915,0.219729915,0.014648661,21.93362236,21.94827271,1.0,0.0,1.0,0.0,0.0,0.0,0.0,0.0,0.0,0.0,0.0,0.0,0.0,0.0,0.0,0.0,0.0,0.0,0.0,0.0,0.0,0.0,0.0,0.0
2008-03-21 15:11:26.872000-07:00,25.23048782,25.21583939,25.21583939,25.20119095,121.2451315,121.2451315,25.23048782,25.72854233,25.68459511,0.029297322,0.0,0.219729915,0.219729915,0.0,21.93362236,21.94827271,1.0,0.0,1.0,0.0,0.0,0.0,0.0,0.0,0.0,0.0,0.0,0.0,0.0,0.0,0.0,0.0,0.0,0.0,0.0,0.0,0.0,0.0,0.0,0.0
2008-03-21 15:11:27.622000-07:00,25.23048782,25.20119095,25.20119095,25.20119095,121.1718893,121.3183737,25.21583939,25.71389389,25.66994667,0.014648661,0.0,0.219729915,0.219729915,0.014648661,21.93362236,21.94827271,1.0,0.0,1.0,0.0,0.0,0.0,0.0,0.0,0.0,0.0,0.0,0.0,0.0,0.0,0.0,0.0,0.0,0.0,0.0,0.0,0.0,0.0,0.0,0.0
2008-03-21 15:11:27.872000-07:00,25.23048782,25.20119095,25.20119095,25.20119095,121.1718893,121.3183737,25.20119095,25.71389389,25.68459511,0.0,0.0,0.29297322,0.219729915,0.014648661,21.93362236,21.94827271,1.0,0.0,1.0,0.0,0.0,0.0,0.0,0.0,0.0,0.0,0.0,0.0,0.0,0.0,0.0,0.0,0.0,0.0,0.0,0.0,0.0,0.0,0.0,0.0
2008-03-21 15:11:28.388000-07:00,25.1865406,25.05470276,25.0693531,25.02540588,121.0254049,121.0986471,25.09864998,25.71389389,25.62600136,0.0,0.0,0.219729915,0.219729915,0.014648661,21.93362236,21.87502861,1.0,0.0,1.0,1.0,0.0,0.0,0.0,0.0,0.0,0.0,0.0,0.0,0.0,0.0,0.0,0.0,0.0,0.0,0.0,0.0,0.0,0.0,0.0,0.0
2008-03-21 15:11:28.872000-07:00,25.14259529,25.02540588,25.02540588,24.99610901,121.0254049,121.0254049,25.0693531,25.71389389,25.6406498,0.0,0.0,0.29297322,0.219729915,0.014648661,21.93362236,21.87502861,1.0,0.0,1.0,1.0,0.0,0.0,0.0,0.0,0.0,0.0,0.0,0.0,0.0,0.0,0.0,0.0,0.0,0.0,0.0,0.0,0.0,0.0,0.0,0.0
2008-03-21 15:11:29.372000-07:00,25.14259529,25.05470276,25.04005432,25.02540588,120.9521627,121.0986471,25.05470276,25.69924545,25.62600136,0.0,0.0,0.219729915,0.219729915,0.0,21.93362236,21.87502861,1.0,0.0,1.0,1.0,0.0,0.0,0.0,0.0,0.0,0.0,0.0,0.0,0.0,0.0,0.0,0.0,0.0,0.0,0.0,0.0,0.0,0.0,0.0,0.0
2008-03-21 15:11:29.919000-07:00,25.12794685,25.02540588,25.02540588,24.98146057,120.9521627,121.0254049,25.08400154,25.69924545,25.61135292,0.0,0.0,0.219729915,0.219729915,0.014648661,21.96292114,21.86038017,1.0,0.0,1.0,1.0,0.0,0.0,0.0,0.0,0.0,0.0,0.0,0.0,0.0,0.0,0.0,0.0,0.0,0.0,0.0,0.0,0.0,0.0,0.0,0.0
2008-03-21 15:11:30.372000-07:00,25.0693531,24.76173019,24.73243332,24.83497429,120.659194,120.8056784,24.93751526,25.69924545,25.56740761,0.029297322,0.0,0.219729915,0.219729915,0.014648661,21.96292114,21.86038017,1.0,0.0,1.0,1.0,1.0,0.0,0.0,0.0,0.0,0.0,0.0,0.0,0.0,0.0,0.0,0.0,0.0,0.0,0.0,0.0,0.0,0.0,0.0,0.0
2008-03-21 15:11:30.872000-07:00,25.02540588,24.83497429,24.83497429,24.77637863,120.7324362,120.8056784,24.89356804,25.71389389,25.55275726,0.0,0.0,0.219729915,0.14648661,0.014648661,21.96292114,21.86038017,1.0,0.0,1.0,1.0,1.0,0.0,0.0,0.0,0.0,0.0,0.0,0.0,0.0,0.0,0.0,0.0,0.0,0.0,0.0,0.0,0.0,0.0,0.0,0.0
2008-03-21 15:11:31.388000-07:00,25.04005432,24.83497429,24.84962273,24.79102707,120.7324362,120.8056784,24.8789196,25.71389389,25.58205605,0.0,0.0,0.219729915,0.219729915,0.014648661,21.93362236,21.78713608,1.0,0.0,1.0,1.0,1.0,0.0,0.0,0.0,0.0,0.0,0.0,0.0,0.0,0.0,0.0,0.0,0.0,0.0,0.0,0.0,0.0,0.0,0.0,0.0
2008-03-21 15:11:31.872000-07:00,25.02540588,24.77637863,24.73243332,24.77637863,120.7324362,120.8056784,24.8789196,25.71389389,25.55275726,0.014648661,0.0,0.219729915,0.219729915,0.014648661,21.93362236,21.80178452,1.0,0.0,1.0,1.0,1.0,0.0,0.0,0.0,0.0,0.0,0.0,0.0,0.0,0.0,0.0,0.0,0.0,0.0,0.0,0.0,0.0,0.0,0.0,0.0
2008-03-21 15:11:32.372000-07:00,24.98146057,24.65918922,24.64454079,24.74708176,120.5127096,120.5127096,24.83497429,25.69924545,25.56740761,0.029297322,0.0,0.219729915,0.219729915,0.014648661,21.93362236,21.80178452,1.0,0.0,1.0,1.0,1.0,1.0,0.0,0.0,0.0,0.0,0.0,0.0,0.0,0.0,0.0,0.0,0.0,0.0,0.0,0.0,0.0,0.0,0.0,0.0
2008-03-21 15:11:32.872000-07:00,24.99610901,24.65918922,24.64454079,24.71778488,120.5127096,120.5859518,24.82032585,25.71389389,25.56740761,0.0,0.0,0.219729915,0.219729915,0.014648661,21.93362236,21.80178452,1.0,0.0,1.0,1.0,1.0,1.0,0.0,0.0,0.0,0.0,0.0,0.0,0.0,0.0,0.0,0.0,0.0,0.0,0.0,0.0,0.0,0.0,0.0,0.0
2008-03-21 15:11:33.404000-07:00,24.99610901,24.70313644,24.68848801,24.62989235,120.5127096,120.5859518,24.82032585,25.71389389,25.52346039,0.014648661,0.0,0.219729915,0.219729915,0.0,21.93362236,21.77248764,1.0,0.0,1.0,1.0,1.0,1.0,0.0,0.0,0.0,0.0,0.0,0.0,0.0,0.0,0.0,0.0,0.0,0.0,0.0,0.0,0.0,0.0,0.0,0.0
2008-03-21 15:11:33.872000-07:00,24.9521637,24.74708176,24.71778488,24.62989235,120.5127096,120.5859518,24.76173019,25.69924545,25.47951508,0.014648661,0.0,0.219729915,0.219729915,0.014648661,21.93362236,21.77248764,1.0,0.0,1.0,1.0,1.0,1.0,0.0,0.0,0.0,0.0,0.0,0.0,0.0,0.0,0.0,0.0,0.0,0.0,0.0,0.0,0.0,0.0,0.0,0.0
2008-03-21 15:11:34.404000-07:00,24.96681213,24.67383766,24.67383766,24.71778488,120.5127096,120.5127096,24.80567551,25.71389389,25.56740761,0.029297322,0.0,0.219729915,0.219729915,0.014648661,21.96292114,21.80178452,1.0,0.0,1.0,1.0,1.0,1.0,0.0,0.0,0.0,0.0,0.0,0.0,0.0,0.0,0.0,0.0,0.0,0.0,0.0,0.0,0.0,0.0,0.0,0.0
2008-03-21 15:11:34.872000-07:00,24.8789196,24.60059547,24.60059547,24.46875763,120.2929688,120.3662109,24.64454079,25.69924545,25.4502182,0.0,0.0,0.219729915,0.219729915,0.014648661,21.96292114,21.80178452,1.0,0.0,1.0,1.0,1.0,1.0,1.0,0.0,0.0,0.0,0.0,0.0,0.0,0.0,0.0,0.0,0.0,0.0,0.0,0.0,0.0,0.0,0.0,0.0
2008-03-21 15:11:35.388000-07:00,24.89356804,24.58594704,24.54199982,24.45410919,120.3662109,120.3662109,24.64454079,25.69924545,25.52346039,0.014648661,0.0,0.219729915,0.219729915,0.014648661,21.96292114,21.80178452,1.0,0.0,1.0,1.0,1.0,1.0,1.0,0.0,0.0,0.0,0.0,0.0,0.0,0.0,0.0,0.0,0.0,0.0,0.0,0.0,0.0,0.0,0.0,0.0
2008-03-21 15:11:35.888000-07:00,24.89356804,24.54199982,24.5712986,24.52735138,120.2929688,120.3662109,24.68848801,25.71389389,25.52346039,0.029297322,0.0,0.219729915,0.219729915,0.014648661,21.93362236,21.74319077,1.0,0.0,1.0,1.0,1.0,1.0,1.0,0.0,0.0,0.0,0.0,0.0,0.0,0.0,0.0,0.0,0.0,0.0,0.0,0.0,0.0,0.0,0.0,0.0
2008-03-21 15:11:36.388000-07:00,24.8789196,24.46875763,24.48340607,24.52735138,120.3662109,120.3662109,24.68848801,25.69924545,25.52346039,0.029297322,0.0,0.219729915,0.219729915,0.014648661,21.93362236,21.74319077,1.0,0.0,1.0,1.0,1.0,1.0,1.0,0.0,0.0,0.0,0.0,0.0,0.0,0.0,0.0,0.0,0.0,0.0,0.0,0.0,0.0,0.0,0.0,0.0
2008-03-21 15:11:36.872000-07:00,24.83497429,24.43946075,24.42481041,24.43946075,120.2929688,120.3662109,24.64454079,25.69924545,25.49416351,0.043945983,0.0,0.219729915,0.219729915,0.014648661,21.96292114,21.77248764,1.0,0.0,1.0,1.0,1.0,1.0,1.0,0.0,0.0,0.0,0.0,0.0,0.0,0.0,0.0,0.0,0.0,0.0,0.0,0.0,0.0,0.0,0.0,0.0
2008-03-21 15:11:37.372000-07:00,24.82032585,24.42481041,24.3808651,24.48340607,120.3662109,120.3662109,24.61524391,25.71389389,25.53810883,0.014648661,0.0,0.219729915,0.219729915,0.0,21.96292114,21.71389389,1.0,0.0,1.0,1.0,1.0,1.0,1.0,0.0,0.0,0.0,0.0,0.0,0.0,0.0,0.0,0.0,0.0,0.0,0.0,0.0,0.0,0.0,0.0,0.0
2008-03-21 15:11:37.872000-07:00,24.82032585,24.54199982,24.5712986,24.3808651,120.3662109,120.3662109,24.54199982,25.71389389,25.46486664,0.0,0.0,0.29297322,0.219729915,0.014648661,21.96292114,21.71389389,1.0,0.0,1.0,1.0,1.0,1.0,1.0,0.0,0.0,0.0,0.0,0.0,0.0,0.0,0.0,0.0,0.0,0.0,0.0,0.0,0.0,0.0,0.0,0.0
2008-03-21 15:11:38.388000-07:00,24.83497429,24.51270294,24.4980545,24.43946075,120.2929688,120.3662109,24.55664825,25.69924545,25.52346039,0.014648661,0.0,0.219729915,0.219729915,0.014648661,21.96292114,21.71389389,1.0,0.0,1.0,1.0,1.0,1.0,1.0,0.0,0.0,0.0,0.0,0.0,0.0,0.0,0.0,0.0,0.0,0.0,0.0,0.0,0.0,0.0,0.0,0.0
2008-03-21 15:11:38.872000-07:00,24.82032585,24.52735138,24.4980545,24.3808651,120.3662109,120.3662109,24.60059547,25.71389389,25.49416351,0.029297322,0.0,0.219729915,0.219729915,0.014648661,21.93362236,21.78713608,1.0,0.0,1.0,1.0,1.0,1.0,1.0,0.0,0.0,0.0,0.0,0.0,0.0,0.0,0.0,0.0,0.0,0.0,0.0,0.0,0.0,0.0,0.0,0.0
2008-03-21 15:11:39.388000-07:00,24.83497429,24.48340607,24.45410919,24.32227135,120.3662109,120.3662109,24.61524391,25.69924545,25.46486664,0.029297322,0.0,0.219729915,0.219729915,0.014648661,21.93362236,21.78713608,1.0,0.0,1.0,1.0,1.0,1.0,1.0,0.0,0.0,0.0,0.0,0.0,0.0,0.0,0.0,0.0,0.0,0.0,0.0,0.0,0.0,0.0,0.0,0.0
2008-03-21 15:11:39.872000-07:00,24.80567551,24.41016197,24.36621666,24.48340607,120.3662109,120.4394531,24.62989235,25.71389389,25.53810883,0.0,0.0,0.219729915,0.219729915,0.014648661,21.93362236,21.78713608,1.0,0.0,1.0,1.0,1.0,1.0,1.0,0.0,0.0,0.0,0.0,0.0,0.0,0.0,0.0,0.0,0.0,0.0,0.0,0.0,0.0,0.0,0.0,0.0
2008-03-21 15:11:40.372000-07:00,24.80567551,24.36621666,24.35156822,24.46875763,120.2929688,120.4394531,24.48340607,25.72854233,25.52346039,0.0,0.0,0.219729915,0.219729915,0.014648661,21.93362236,21.78713608,1.0,0.0,1.0,1.0,1.0,1.0,1.0,0.0,0.0,0.0,0.0,0.0,0.0,0.0,0.0,0.0,0.0,0.0,0.0,0.0,0.0,0.0,0.0,0.0
2008-03-21 15:11:40.872000-07:00,24.79102707,24.3808651,24.3808651,24.43946075,120.3662109,120.4394531,24.60059547,25.71389389,25.53810883,0.029297322,0.0,0.219729915,0.219729915,0.014648661,21.93362236,21.78713608,1.0,0.0,1.0,1.0,1.0,1.0,1.0,0.0,0.0,0.0,0.0,0.0,0.0,0.0,0.0,0.0,0.0,0.0,0.0,0.0,0.0,0.0,0.0,0.0
2008-03-21 15:11:41.372000-07:00,24.77637863,24.42481041,24.45410919,24.48340607,120.2929688,120.4394531,24.54199982,25.69924545,25.53810883,0.043945983,0.0,0.219729915,0.219729915,0.014648661,21.93362236,21.78713608,1.0,0.0,1.0,1.0,1.0,1.0,1.0,0.0,0.0,0.0,0.0,0.0,0.0,0.0,0.0,0.0,0.0,0.0,0.0,0.0,0.0,0.0,0.0,0.0
2008-03-21 15:11:41.872000-07:00,24.79102707,24.42481041,24.3808651,24.43946075,120.3662109,120.4394531,24.60059547,25.71389389,25.52346039,0.029297322,0.0,0.219729915,0.14648661,0.014648661,21.93362236,21.78713608,1.0,0.0,1.0,1.0,1.0,1.0,1.0,0.0,0.0,0.0,0.0,0.0,0.0,0.0,0.0,0.0,0.0,0.0,0.0,0.0,0.0,0.0,0.0,0.0
2008-03-21 15:11:42.372000-07:00,24.77637863,24.41016197,24.3808651,24.29297256,120.3662109,120.4394531,24.52735138,25.69924545,25.4502182,0.0,0.0,0.219729915,0.219729915,0.014648661,21.93362236,21.78713608,1.0,0.0,1.0,1.0,1.0,1.0,1.0,0.0,0.0,0.0,0.0,0.0,0.0,0.0,0.0,0.0,0.0,0.0,0.0,0.0,0.0,0.0,0.0,0.0
2008-03-21 15:11:42.904000-07:00,24.77637863,24.36621666,24.36621666,24.32227135,120.3662109,120.3662109,24.48340607,25.72854233,25.53810883,0.043945983,0.0,0.219729915,0.219729915,0.0,21.93362236,21.78713608,1.0,0.0,1.0,1.0,1.0,1.0,1.0,0.0,0.0,0.0,0.0,0.0,0.0,0.0,0.0,0.0,0.0,0.0,0.0,0.0,0.0,0.0,0.0,0.0
2008-03-21 15:11:43.372000-07:00,24.76173019,24.39551353,24.39551353,24.45410919,120.2929688,120.4394531,24.45410919,25.71389389,25.53810883,0.029297322,0.0,0.219729915,0.219729915,0.014648661,21.93362236,21.78713608,1.0,0.0,1.0,1.0,1.0,1.0,1.0,0.0,0.0,0.0,0.0,0.0,0.0,0.0,0.0,0.0,0.0,0.0,0.0,0.0,0.0,0.0,0.0,0.0
2008-03-21 15:11:43.888000-07:00,24.76173019,24.42481041,24.45410919,24.24902725,120.3662109,120.4394531,24.58594704,25.71389389,25.46486664,0.0,0.0,0.219729915,0.14648661,0.014648661,21.93362236,21.78713608,1.0,0.0,1.0,1.0,1.0,1.0,1.0,0.0,0.0,0.0,0.0,0.0,0.0,0.0,0.0,0.0,0.0,0.0,0.0,0.0,0.0,0.0,0.0,0.0
2008-03-21 15:11:44.388000-07:00,24.76173019,24.42481041,24.3808651,24.35156822,120.3662109,120.4394531,24.46875763,25.71389389,25.49416351,0.0,0.0,0.219729915,0.219729915,0.014648661,21.93362236,21.78713608,1.0,0.0,1.0,1.0,1.0,1.0,1.0,0.0,0.0,0.0,0.0,0.0,0.0,0.0,0.0,0.0,0.0,0.0,0.0,0.0,0.0,0.0,0.0,0.0
2008-03-21 15:11:44.872000-07:00,24.74708176,24.32227135,24.33691978,24.42481041,120.3662109,120.4394531,24.43946075,25.71389389,25.53810883,0.043945983,0.0,0.219729915,0.219729915,0.014648661,21.93362236,21.78713608,1.0,0.0,1.0,1.0,1.0,1.0,1.0,0.0,0.0,0.0,0.0,0.0,0.0,0.0,0.0,0.0,0.0,0.0,0.0,0.0,0.0,0.0,0.0,0.0
2008-03-21 15:11:45.372000-07:00,24.76173019,24.45410919,24.43946075,24.29297256,120.3662109,120.4394531,24.46875763,25.71389389,25.47951508,0.0,0.0,0.219729915,0.219729915,0.014648661,21.93362236,21.78713608,1.0,0.0,1.0,1.0,1.0,1.0,1.0,0.0,0.0,0.0,0.0,0.0,0.0,0.0,0.0,0.0,0.0,0.0,0.0,0.0,0.0,0.0,0.0,0.0
2008-03-21 15:11:45.888000-07:00,24.74708176,24.33691978,24.33691978,24.39551353,120.3662109,120.4394531,24.55664825,25.71389389,25.52346039,0.0,0.0,0.219729915,0.219729915,0.014648661,21.93362236,21.78713608,1.0,0.0,1.0,1.0,1.0,1.0,1.0,0.0,0.0,0.0,0.0,0.0,0.0,0.0,0.0,0.0,0.0,0.0,0.0,0.0,0.0,0.0,0.0,0.0
2008-03-21 15:11:46.419000-07:00,24.74708176,24.36621666,24.36621666,24.33691978,120.3662109,120.3662109,24.5712986,25.71389389,25.49416351,0.014648661,0.0,0.219729915,0.219729915,0.014648661,21.93362236,21.78713608,1.0,0.0,1.0,1.0,1.0,1.0,1.0,0.0,0.0,0.0,0.0,0.0,0.0,0.0,0.0,0.0,0.0,0.0,0.0,0.0,0.0,0.0,0.0,0.0
2008-03-21 15:11:46.872000-07:00,24.74708176,24.42481041,24.43946075,24.39551353,120.3662109,120.3662109,24.52735138,25.71389389,25.52346039,0.029297322,0.0,0.219729915,0.14648661,0.0,21.93362236,21.78713608,1.0,0.0,1.0,1.0,1.0,1.0,1.0,0.0,0.0,0.0,0.0,0.0,0.0,0.0,0.0,0.0,0.0,0.0,0.0,0.0,0.0,0.0,0.0,0.0
2008-03-21 15:11:47.404000-07:00,24.70313644,24.45410919,24.43946075,24.35156822,120.3662109,120.4394531,24.42481041,25.71389389,25.49416351,0.0,0.0,0.14648661,0.14648661,0.014648661,21.93362236,21.78713608,1.0,0.0,1.0,1.0,1.0,1.0,1.0,0.0,0.0,0.0,0.0,0.0,0.0,0.0,0.0,0.0,0.0,0.0,0.0,0.0,0.0,0.0,0.0,0.0
2008-03-21 15:11:47.904000-07:00,24.74708176,24.36621666,24.3808651,24.33691978,120.3662109,120.4394531,24.52735138,25.69924545,25.49416351,0.014648661,0.0,0.219729915,0.219729915,0.014648661,21.93362236,21.78713608,1.0,0.0,1.0,1.0,1.0,1.0,1.0,0.0,0.0,0.0,0.0,0.0,0.0,0.0,0.0,0.0,0.0,0.0,0.0,0.0,0.0,0.0,0.0,0.0
2008-03-21 15:11:48.404000-07:00,24.73243332,24.45410919,24.42481041,24.23437881,120.3662109,120.3662109,24.42481041,25.69924545,25.46486664,0.014648661,0.0,0.219729915,0.219729915,0.014648661,21.96292114,21.74319077,1.0,0.0,1.0,1.0,1.0,1.0,1.0,0.0,0.0,0.0,0.0,0.0,0.0,0.0,0.0,0.0,0.0,0.0,0.0,0.0,0.0,0.0,0.0,0.0
2008-03-21 15:11:48.888000-07:00,24.74708176,24.41016197,24.41016197,24.307621,120.3662109,120.4394531,24.52735138,25.71389389,25.47951508,0.0,0.0,0.29297322,0.219729915,0.014648661,21.96292114,21.74319077,1.0,0.0,1.0,1.0,1.0,1.0,1.0,0.0,0.0,0.0,0.0,0.0,0.0,0.0,0.0,0.0,0.0,0.0,0.0,0.0,0.0,0.0,0.0,0.0
2008-03-21 15:11:49.388000-07:00,24.73243332,24.42481041,24.42481041,24.20508194,120.3662109,120.4394531,24.52735138,25.71389389,25.46486664,0.0,0.0,0.219729915,0.219729915,0.014648661,21.96292114,21.74319077,1.0,0.0,1.0,1.0,1.0,1.0,1.0,0.0,0.0,0.0,0.0,0.0,0.0,0.0,0.0,0.0,0.0,0.0,0.0,0.0,0.0,0.0,0.0,0.0
2008-03-21 15:11:49.873000-07:00,24.70313644,24.32227135,24.33691978,24.24902725,120.3662109,120.3662109,24.43946075,25.71389389,25.53810883,0.0,0.0,0.219729915,0.219729915,0.014648661,21.96292114,21.74319077,1.0,0.0,1.0,1.0,1.0,1.0,1.0,0.0,0.0,0.0,0.0,0.0,0.0,0.0,0.0,0.0,0.0,0.0,0.0,0.0,0.0,0.0,0.0,0.0
2008-03-21 15:11:50.388000-07:00,24.70313644,24.307621,24.29297256,24.29297256,120.3662109,120.4394531,24.45410919,25.71389389,25.47951508,0.014648661,0.0,0.219729915,0.219729915,0.014648661,21.96292114,21.74319077,1.0,0.0,1.0,1.0,1.0,1.0,1.0,0.0,0.0,0.0,0.0,0.0,0.0,0.0,0.0,0.0,0.0,0.0,0.0,0.0,0.0,0.0,0.0,0.0
2008-03-21 15:11:50.904000-07:00,24.73243332,24.42481041,24.42481041,24.24902725,120.3662109,120.4394531,24.46875763,25.71389389,25.46486664,0.043945983,0.0,0.219729915,0.219729915,0.014648661,21.96292114,21.74319077,1.0,0.0,1.0,1.0,1.0,1.0,1.0,0.0,0.0,0.0,0.0,0.0,0.0,0.0,0.0,0.0,0.0,0.0,0.0,0.0,0.0,0.0,0.0,0.0
2008-03-21 15:11:51.373000-07:00,24.70313644,24.42481041,24.3808651,24.21973038,120.3662109,120.4394531,24.45410919,25.69924545,25.46486664,0.0,0.0,0.219729915,0.219729915,0.0,21.96292114,21.74319077,1.0,0.0,1.0,1.0,1.0,1.0,1.0,0.0,0.0,0.0,0.0,0.0,0.0,0.0,0.0,0.0,0.0,0.0,0.0,0.0,0.0,0.0,0.0,0.0
2008-03-21 15:11:51.873000-07:00,24.67383766,24.29297256,24.26367569,24.21973038,120.3662109,120.4394531,24.3808651,25.71389389,25.46486664,0.029297322,0.0,0.14648661,0.219729915,0.014648661,21.96292114,21.74319077,1.0,0.0,1.0,1.0,1.0,1.0,1.0,0.0,0.0,0.0,0.0,0.0,0.0,0.0,0.0,0.0,0.0,0.0,0.0,0.0,0.0,0.0,0.0,0.0
2008-03-21 15:11:52.388000-07:00,24.68848801,24.32227135,24.32227135,24.24902725,120.3662109,120.4394531,24.46875763,25.72854233,25.46486664,0.043945983,0.0,0.219729915,0.219729915,0.0,21.96292114,21.74319077,1.0,0.0,1.0,1.0,1.0,1.0,1.0,0.0,0.0,0.0,0.0,0.0,0.0,0.0,0.0,0.0,0.0,0.0,0.0,0.0,0.0,0.0,0.0,0.0
2008-03-21 15:11:52.873000-07:00,24.65918922,24.26367569,24.27832413,24.36621666,120.3662109,120.4394531,24.45410919,25.71389389,25.52346039,0.0,0.0,0.219729915,0.219729915,0.014648661,21.96292114,21.74319077,1.0,0.0,1.0,1.0,1.0,1.0,1.0,0.0,0.0,0.0,0.0,0.0,0.0,0.0,0.0,0.0,0.0,0.0,0.0,0.0,0.0,0.0,0.0,0.0
2008-03-21 15:11:53.373000-07:00,24.68848801,24.26367569,24.23437881,24.35156822,120.3662109,120.4394531,24.39551353,25.71389389,25.53810883,0.029297322,0.0,0.219729915,0.219729915,0.014648661,21.96292114,21.74319077,1.0,0.0,1.0,1.0,1.0,1.0,1.0,0.0,0.0,0.0,0.0,0.0,0.0,0.0,0.0,0.0,0.0,0.0,0.0,0.0,0.0,0.0,0.0,0.0
2008-03-21 15:11:53.873000-07:00,24.67383766,24.26367569,24.24902725,24.35156822,120.3662109,120.4394531,24.41016197,25.71389389,25.52346039,0.043945983,0.0,0.219729915,0.219729915,0.0,21.96292114,21.74319077,1.0,0.0,1.0,1.0,1.0,1.0,1.0,0.0,0.0,0.0,0.0,0.0,0.0,0.0,0.0,0.0,0.0,0.0,0.0,0.0,0.0,0.0,0.0,0.0
2008-03-21 15:11:54.373000-07:00,24.68848801,24.29297256,24.24902725,24.33691978,120.3662109,120.4394531,24.48340607,25.71389389,25.53810883,0.014648661,0.0,0.219729915,0.219729915,0.014648661,21.96292114,21.74319077,1.0,0.0,1.0,1.0,1.0,1.0,1.0,0.0,0.0,0.0,0.0,0.0,0.0,0.0,0.0,0.0,0.0,0.0,0.0,0.0,0.0,0.0,0.0,0.0
2008-03-21 15:11:54.873000-07:00,24.65918922,24.23437881,24.21973038,24.3808651,120.3662109,120.4394531,24.41016197,25.69924545,25.53810883,0.029297322,0.0,0.219729915,0.219729915,0.014648661,21.96292114,21.74319077,1.0,0.0,1.0,1.0,1.0,1.0,1.0,0.0,0.0,0.0,0.0,0.0,0.0,0.0,0.0,0.0,0.0,0.0,0.0,0.0,0.0,0.0,0.0,0.0
2008-03-21 15:11:55.388000-07:00,24.70313644,24.3808651,24.35156822,24.23437881,120.3662109,120.4394531,24.46875763,25.71389389,25.46486664,0.0,0.0,0.219729915,0.219729915,0.014648661,21.96292114,21.74319077,1.0,0.0,1.0,1.0,1.0,1.0,1.0,0.0,0.0,0.0,0.0,0.0,0.0,0.0,0.0,0.0,0.0,0.0,0.0,0.0,0.0,0.0,0.0,0.0
2008-03-21 15:11:55.888000-07:00,24.67383766,24.24902725,24.24902725,24.33691978,120.3662109,120.4394531,24.45410919,25.71389389,25.52346039,0.0,0.0,0.219729915,0.219729915,0.014648661,21.96292114,21.74319077,1.0,0.0,1.0,1.0,1.0,1.0,1.0,0.0,0.0,0.0,0.0,0.0,0.0,0.0,0.0,0.0,0.0,0.0,0.0,0.0,0.0,0.0,0.0,0.0
2008-03-21 15:11:56.404000-07:00,24.68848801,24.36621666,24.3808651,24.21973038,120.3662109,120.4394531,24.46875763,25.71389389,25.52346039,0.029297322,0.0,0.219729915,0.219729915,0.014648661,21.96292114,21.74319077,1.0,0.0,1.0,1.0,1.0,1.0,1.0,0.0,0.0,0.0,0.0,0.0,0.0,0.0,0.0,0.0,0.0,0.0,0.0,0.0,0.0,0.0,0.0,0.0
2008-03-21 15:11:56.904000-07:00,24.68848801,24.24902725,24.24902725,24.36621666,120.3662109,120.4394531,24.51270294,25.71389389,25.52346039,0.043945983,0.0,0.219729915,0.219729915,0.0,21.93362236,21.77248764,1.0,0.0,1.0,1.0,1.0,1.0,1.0,0.0,0.0,0.0,0.0,0.0,0.0,0.0,0.0,0.0,0.0,0.0,0.0,0.0,0.0,0.0,0.0,0.0
2008-03-21 15:11:57.373000-07:00,24.65918922,24.3808651,24.33691978,24.17578316,120.3662109,120.4394531,24.48340607,25.71389389,25.47951508,0.0,0.0,0.219729915,0.219729915,0.014648661,21.93362236,21.77248764,1.0,0.0,1.0,1.0,1.0,1.0,1.0,0.0,0.0,0.0,0.0,0.0,0.0,0.0,0.0,0.0,0.0,0.0,0.0,0.0,0.0,0.0,0.0,0.0
2008-03-21 15:11:57.873000-07:00,24.68848801,24.35156822,24.32227135,24.24902725,120.3662109,120.4394531,24.45410919,25.71389389,25.49416351,0.0,0.0,0.219729915,0.219729915,0.014648661,21.93362236,21.77248764,1.0,0.0,1.0,1.0,1.0,1.0,1.0,0.0,0.0,0.0,0.0,0.0,0.0,0.0,0.0,0.0,0.0,0.0,0.0,0.0,0.0,0.0,0.0,0.0
2008-03-21 15:11:58.373000-07:00,24.65918922,24.26367569,24.35156822,24.21973038,120.3662109,120.4394531,24.46875763,25.71389389,25.47951508,0.029297322,0.0,0.219729915,0.219729915,0.014648661,21.93362236,21.77248764,1.0,0.0,1.0,1.0,1.0,1.0,1.0,0.0,0.0,0.0,0.0,0.0,0.0,0.0,0.0,0.0,0.0,0.0,0.0,0.0,0.0,0.0,0.0,0.0
2008-03-21 15:11:58.904000-07:00,24.67383766,24.3808651,24.36621666,24.307621,120.3662109,120.4394531,24.48340607,25.71389389,25.53810883,0.0,0.0,0.219729915,0.219729915,0.029297322,21.93362236,21.77248764,1.0,0.0,1.0,1.0,1.0,1.0,1.0,0.0,0.0,0.0,0.0,0.0,0.0,0.0,0.0,0.0,0.0,0.0,0.0,0.0,0.0,0.0,0.0,0.0
2008-03-21 15:11:59.373000-07:00,24.65918922,24.20508194,24.21973038,24.307621,120.3662109,120.3662109,24.46875763,25.71389389,25.49416351,0.029297322,0.0,0.219729915,0.219729915,0.014648661,21.93362236,21.77248764,1.0,0.0,1.0,1.0,1.0,1.0,1.0,0.0,0.0,0.0,0.0,0.0,0.0,0.0,0.0,0.0,0.0,0.0,0.0,0.0,0.0,0.0,0.0,0.0
2008-03-21 15:11:59.904000-07:00,24.65918922,24.24902725,24.23437881,24.35156822,120.3662109,120.4394531,24.48340607,25.71389389,25.49416351,0.029297322,0.0,0.219729915,0.219729915,0.0,21.93362236,21.77248764,1.0,0.0,1.0,1.0,1.0,1.0,1.0,0.0,0.0,0.0,0.0,0.0,0.0,0.0,0.0,0.0,0.0,0.0,0.0,0.0,0.0,0.0,0.0,0.0
2008-03-21 15:12:00.388000-07:00,24.64454079,24.26367569,24.24902725,24.29297256,120.3662109,120.3662109,24.46875763,25.71389389,25.49416351,0.014648661,0.0,0.219729915,0.219729915,0.014648661,21.93362236,21.77248764,1.0,0.0,1.0,1.0,1.0,1.0,1.0,0.0,0.0,0.0,0.0,0.0,0.0,0.0,0.0,0.0,0.0,0.0,0.0,0.0,0.0,0.0,0.0,0.0
2008-03-21 15:12:00.904000-07:00,24.64454079,24.20508194,24.29297256,24.24902725,120.3662109,120.4394531,24.41016197,25.71389389,25.49416351,0.029297322,0.0,0.219729915,0.219729915,0.014648661,21.93362236,21.77248764,1.0,0.0,1.0,1.0,1.0,1.0,1.0,0.0,0.0,0.0,0.0,0.0,0.0,0.0,0.0,0.0,0.0,0.0,0.0,0.0,0.0,0.0,0.0,0.0
2008-03-21 15:12:01.404000-07:00,24.65918922,24.24902725,24.24902725,24.32227135,120.3662109,120.4394531,24.35156822,25.71389389,25.52346039,0.043945983,0.0,0.219729915,0.219729915,0.014648661,21.93362236,21.77248764,1.0,0.0,1.0,1.0,1.0,1.0,1.0,0.0,0.0,0.0,0.0,0.0,0.0,0.0,0.0,0.0,0.0,0.0,0.0,0.0,0.0,0.0,0.0,0.0
2008-03-21 15:12:01.888000-07:00,24.67383766,24.3808651,24.35156822,24.307621,120.3662109,120.4394531,24.41016197,25.71389389,25.52346039,0.0,0.0,0.219729915,0.219729915,0.014648661,21.93362236,21.74319077,1.0,0.0,1.0,1.0,1.0,1.0,1.0,0.0,0.0,0.0,0.0,0.0,0.0,0.0,0.0,0.0,0.0,0.0,0.0,0.0,0.0,0.0,0.0,0.0
2008-03-21 15:12:02.404000-07:00,24.64454079,24.3808651,24.36621666,24.1904335,120.3662109,120.4394531,24.3808651,25.71389389,25.46486664,0.029297322,0.0,0.219729915,0.219729915,0.014648661,21.93362236,21.74319077,1.0,0.0,1.0,1.0,1.0,1.0,1.0,0.0,0.0,0.0,0.0,0.0,0.0,0.0,0.0,0.0,0.0,0.0,0.0,0.0,0.0,0.0,0.0,0.0
2008-03-21 15:12:02.888000-07:00,24.67383766,24.307621,24.27832413,24.17578316,120.3662109,120.4394531,24.48340607,25.71389389,25.47951508,0.014648661,0.0,0.219729915,0.219729915,0.014648661,21.93362236,21.74319077,1.0,0.0,1.0,1.0,1.0,1.0,1.0,0.0,0.0,0.0,0.0,0.0,0.0,0.0,0.0,0.0,0.0,0.0,0.0,0.0,0.0,0.0,0.0,0.0
2008-03-21 15:12:03.404000-07:00,24.67383766,24.307621,24.27832413,24.16113472,120.3662109,120.4394531,24.45410919,25.71389389,25.46486664,0.029297322,0.0,0.219729915,0.219729915,0.014648661,21.93362236,21.74319077,1.0,0.0,1.0,1.0,1.0,1.0,1.0,0.0,0.0,0.0,0.0,0.0,0.0,0.0,0.0,0.0,0.0,0.0,0.0,0.0,0.0,0.0,0.0,0.0
2008-03-21 15:12:03.888000-07:00,24.67383766,24.23437881,24.307621,24.29297256,120.3662109,120.4394531,24.45410919,25.71389389,25.52346039,0.043945983,0.0,0.219729915,0.14648661,0.014648661,21.93362236,21.78713608,1.0,0.0,1.0,1.0,1.0,1.0,1.0,0.0,0.0,0.0,0.0,0.0,0.0,0.0,0.0,0.0,0.0,0.0,0.0,0.0,0.0,0.0,0.0,0.0
2008-03-21 15:12:04.388000-07:00,24.62989235,24.26367569,24.24902725,24.23437881,120.2929688,120.3662109,24.3808651,25.71389389,25.49416351,0.014648661,0.0,0.219729915,0.219729915,0.014648661,21.93362236,21.78713608,1.0,0.0,1.0,1.0,1.0,1.0,1.0,0.0,0.0,0.0,0.0,0.0,0.0,0.0,0.0,0.0,0.0,0.0,0.0,0.0,0.0,0.0,0.0,0.0
2008-03-21 15:12:04.888000-07:00,24.65918922,24.32227135,24.29297256,24.21973038,120.3662109,120.4394531,24.45410919,25.69924545,25.46486664,0.0,0.0,0.219729915,0.219729915,0.0,21.93362236,21.78713608,1.0,0.0,1.0,1.0,1.0,1.0,1.0,0.0,0.0,0.0,0.0,0.0,0.0,0.0,0.0,0.0,0.0,0.0,0.0,0.0,0.0,0.0,0.0,0.0
2008-03-21 15:12:05.451000-07:00,24.65918922,24.36621666,24.32227135,24.21973038,120.3662109,120.4394531,24.41016197,25.71389389,25.4502182,0.014648661,0.0,0.219729915,0.219729915,0.014648661,21.93362236,21.78713608,1.0,0.0,1.0,1.0,1.0,1.0,1.0,0.0,0.0,0.0,0.0,0.0,0.0,0.0,0.0,0.0,0.0,0.0,0.0,0.0,0.0,0.0,0.0,0.0
2008-03-21 15:12:05.873000-07:00,24.65918922,24.29297256,24.23437881,24.33691978,120.3662109,120.4394531,24.35156822,25.69924545,25.53810883,0.0,0.0,0.219729915,0.219729915,0.014648661,21.93362236,21.78713608,1.0,0.0,1.0,1.0,1.0,1.0,1.0,0.0,0.0,0.0,0.0,0.0,0.0,0.0,0.0,0.0,0.0,0.0,0.0,0.0,0.0,0.0,0.0,0.0
2008-03-21 15:12:06.388000-07:00,24.64454079,24.27832413,24.20508194,24.35156822,120.3662109,120.4394531,24.35156822,25.71389389,25.55275726,0.043945983,0.0,0.219729915,0.219729915,0.014648661,21.93362236,21.78713608,1.0,0.0,1.0,1.0,1.0,1.0,1.0,0.0,0.0,0.0,0.0,0.0,0.0,0.0,0.0,0.0,0.0,0.0,0.0,0.0,0.0,0.0,0.0,0.0
2008-03-21 15:12:06.888000-07:00,24.64454079,24.39551353,24.3808651,24.17578316,120.3662109,120.3662109,24.46875763,25.72854233,25.46486664,0.029297322,0.0,0.219729915,0.219729915,0.014648661,21.93362236,21.78713608,1.0,0.0,1.0,1.0,1.0,1.0,1.0,0.0,0.0,0.0,0.0,0.0,0.0,0.0,0.0,0.0,0.0,0.0,0.0,0.0,0.0,0.0,0.0,0.0
2008-03-21 15:12:07.388000-07:00,24.64454079,24.36621666,24.35156822,24.17578316,120.3662109,120.3662109,24.35156822,25.71389389,25.4502182,0.0,0.0,0.219729915,0.219729915,0.014648661,21.93362236,21.78713608,1.0,0.0,1.0,1.0,1.0,1.0,1.0,0.0,0.0,0.0,0.0,0.0,0.0,0.0,0.0,0.0,0.0,0.0,0.0,0.0,0.0,0.0,0.0,0.0
2008-03-21 15:12:07.935000-07:00,24.65918922,24.27832413,24.36621666,24.17578316,120.3662109,120.3662109,24.45410919,25.69924545,25.46486664,0.0,0.0,0.219729915,0.219729915,0.014648661,21.93362236,21.78713608,1.0,0.0,1.0,1.0,1.0,1.0,1.0,0.0,0.0,0.0,0.0,0.0,0.0,0.0,0.0,0.0,0.0,0.0,0.0,0.0,0.0,0.0,0.0,0.0
2008-03-21 15:12:08.388000-07:00,24.64454079,24.33691978,24.307621,24.16113472,120.3662109,120.4394531,24.45410919,25.71389389,25.46486664,25.70487045,0.0,0.219729915,0.219729915,0.0,21.93362236,21.78713608,1.0,0.0,1.0,1.0,1.0,1.0,1.0,0.0,0.0,0.0,0.0,0.0,1.0,0.0,0.0,0.0,0.0,0.0,0.0,0.0,0.0,0.0,0.0,0.0
2008-03-21 15:12:08.873000-07:00,24.62989235,24.26367569,24.35156822,24.23437881,120.3662109,120.4394531,24.3808651,25.71389389,25.4502182,25.69022537,0.0,0.219729915,0.219729915,0.014648661,21.93362236,21.78713608,1.0,0.0,1.0,1.0,1.0,1.0,1.0,0.0,0.0,0.0,0.0,0.0,1.0,0.0,0.0,0.0,0.0,0.0,0.0,0.0,0.0,0.0,0.0,0.0
2008-03-21 15:12:09.388000-07:00,24.65918922,24.29297256,24.27832413,24.21973038,120.3662109,120.3662109,24.43946075,25.71389389,25.49416351,25.6902271,0.0,0.219729915,0.219729915,0.014648661,21.93362236,21.78713608,1.0,0.0,1.0,1.0,1.0,1.0,1.0,0.0,0.0,0.0,0.0,0.0,1.0,0.0,0.0,0.0,0.0,0.0,0.0,0.0,0.0,0.0,0.0,0.0
2008-03-21 15:12:09.873000-07:00,24.67383766,24.32227135,24.27832413,24.14648628,120.3662109,120.3662109,24.46875763,25.71389389,25.46486664,25.69022858,0.0,0.219729915,0.219729915,0.014648661,21.93362236,21.78713608,1.0,0.0,1.0,1.0,1.0,1.0,1.0,0.0,0.0,0.0,0.0,0.0,1.0,0.0,0.0,0.0,0.0,0.0,0.0,0.0,0.0,0.0,0.0,0.0
2008-03-21 15:12:10.388000-07:00,24.64454079,24.35156822,24.33691978,24.17578316,120.2929688,120.4394531,24.39551353,25.71389389,25.46486664,25.69022983,0.0,0.219729915,0.14648661,0.014648661,21.93362236,21.78713608,1.0,0.0,1.0,1.0,1.0,1.0,1.0,0.0,0.0,0.0,0.0,0.0,1.0,0.0,0.0,0.0,0.0,0.0,0.0,0.0,0.0,0.0,0.0,0.0
2008-03-21 15:12:10.873000-07:00,24.62989235,24.36621666,24.32227135,24.1904335,120.3662109,120.4394531,24.35156822,25.71389389,25.47951508,25.69023091,0.0,0.219729915,0.14648661,0.014648661,21.93362236,21.78713608,1.0,0.0,1.0,1.0,1.0,1.0,1.0,0.0,0.0,0.0,0.0,0.0,1.0,0.0,0.0,0.0,0.0,0.0,0.0,0.0,0.0,0.0,0.0,0.0
2008-03-21 15:12:11.388000-07:00,24.62989235,24.23437881,24.23437881,24.35156822,120.3662109,120.4394531,24.35156822,25.71389389,25.53810883,25.69023183,0.0,0.219729915,0.219729915,0.014648661,21.93362236,21.78713608,1.0,0.0,1.0,1.0,1.0,1.0,1.0,0.0,0.0,0.0,0.0,0.0,1.0,0.0,0.0,0.0,0.0,0.0,0.0,0.0,0.0,0.0,0.0,0.0
2008-03-21 15:12:11.888000-07:00,24.65918922,24.24902725,24.1904335,24.24902725,120.3662109,120.4394531,24.41016197,25.71389389,25.52346039,25.69023262,0.0,0.219729915,0.219729915,0.014648661,21.93362236,21.78713608,1.0,0.0,1.0,1.0,1.0,1.0,1.0,0.0,0.0,0.0,0.0,0.0,1.0,0.0,0.0,0.0,0.0,0.0,0.0,0.0,0.0,0.0,0.0,0.0
2008-03-21 15:12:12.373000-07:00,24.62989235,24.32227135,24.33691978,24.32227135,120.3662109,120.3662109,24.35156822,25.72854233,25.53810883,25.6902333,0.0,0.219729915,0.219729915,0.014648661,21.93362236,21.78713608,1.0,0.0,1.0,1.0,1.0,1.0,1.0,0.0,0.0,0.0,0.0,0.0,1.0,0.0,0.0,0.0,0.0,0.0,0.0,0.0,0.0,0.0,0.0,0.0
2008-03-21 15:12:12.904000-07:00,24.62989235,24.26367569,24.23437881,24.32227135,120.3662109,120.4394531,24.43946075,25.69924545,25.53810883,25.69023388,0.0,0.219729915,0.219729915,0.014648661,21.93362236,21.78713608,1.0,0.0,1.0,1.0,1.0,1.0,1.0,0.0,0.0,0.0,0.0,0.0,1.0,0.0,0.0,0.0,0.0,0.0,0.0,0.0,0.0,0.0,0.0,0.0
2008-03-21 15:12:13.388000-07:00,24.65918922,24.35156822,24.29297256,24.14648628,120.3662109,120.4394531,24.43946075,25.71389389,25.4502182,25.69023439,0.0,0.219729915,0.219729915,0.029297322,21.93362236,21.78713608,1.0,0.0,1.0,1.0,1.0,1.0,1.0,0.0,0.0,0.0,0.0,0.0,1.0,0.0,0.0,0.0,0.0,0.0,0.0,0.0,0.0,0.0,0.0,0.0
2008-03-21 15:12:13.873000-07:00,24.62989235,24.35156822,24.35156822,24.35156822,120.2929688,120.4394531,24.32227135,25.71389389,25.52346039,25.69023483,0.0,0.219729915,0.219729915,0.014648661,21.93362236,21.78713608,1.0,0.0,1.0,1.0,1.0,1.0,1.0,0.0,0.0,0.0,0.0,0.0,1.0,0.0,0.0,0.0,0.0,0.0,0.0,0.0,0.0,0.0,0.0,0.0
2008-03-21 15:12:14.373000-07:00,24.64454079,24.26367569,24.29297256,24.307621,120.3662109,120.3662109,24.43946075,25.71389389,25.53810883,25.69023521,0.0,0.219729915,0.219729915,0.014648661,21.93362236,21.78713608,1.0,0.0,1.0,1.0,1.0,1.0,1.0,0.0,0.0,0.0,0.0,0.0,1.0,0.0,0.0,0.0,0.0,0.0,0.0,0.0,0.0,0.0,0.0,0.0
2008-03-21 15:12:14.873000-07:00,24.62989235,24.39551353,24.36621666,24.20508194,120.3662109,120.4394531,24.39551353,25.71389389,25.46486664,25.69023556,0.0,0.219729915,0.219729915,0.0,21.93362236,21.78713608,1.0,0.0,1.0,1.0,1.0,1.0,1.0,0.0,0.0,0.0,0.0,0.0,1.0,0.0,0.0,0.0,0.0,0.0,0.0,0.0,0.0,0.0,0.0,0.0
2008-03-21 15:12:15.388000-07:00,24.62989235,24.23437881,24.21973038,24.307621,120.3662109,120.4394531,24.42481041,25.71389389,25.53810883,25.69023583,0.0,0.219729915,0.219729915,0.014648661,21.93362236,21.78713608,1.0,0.0,1.0,1.0,1.0,1.0,1.0,0.0,0.0,0.0,0.0,0.0,1.0,0.0,0.0,0.0,0.0,0.0,0.0,0.0,0.0,0.0,0.0,0.0
2008-03-21 15:12:15.888000-07:00,24.62989235,24.26367569,24.26367569,24.29297256,120.3662109,120.4394531,24.43946075,25.69924545,25.53810883,25.69023608,0.0,0.219729915,0.219729915,0.0,21.93362236,21.78713608,1.0,0.0,1.0,1.0,1.0,1.0,1.0,0.0,0.0,0.0,0.0,0.0,1.0,0.0,0.0,0.0,0.0,0.0,0.0,0.0,0.0,0.0,0.0,0.0
2008-03-21 15:12:16.388000-07:00,24.65918922,24.3808651,24.35156822,24.29297256,120.3662109,120.3662109,24.46875763,25.71389389,25.49416351,25.6902363,0.0,0.219729915,0.219729915,0.014648661,21.93362236,21.78713608,1.0,0.0,1.0,1.0,1.0,1.0,1.0,0.0,0.0,0.0,0.0,0.0,1.0,0.0,0.0,0.0,0.0,0.0,0.0,0.0,0.0,0.0,0.0,0.0
2008-03-21 15:12:16.888000-07:00,24.65918922,24.307621,24.36621666,24.16113472,120.3662109,120.4394531,24.43946075,25.69924545,25.4502182,25.6902365,0.0,0.219729915,0.219729915,0.014648661,21.93362236,21.78713608,1.0,0.0,1.0,1.0,1.0,1.0,1.0,0.0,0.0,0.0,0.0,0.0,1.0,0.0,0.0,0.0,0.0,0.0,0.0,0.0,0.0,0.0,0.0,0.0
2008-03-21 15:12:17.373000-07:00,24.61524391,24.36621666,24.33691978,24.1904335,120.3662109,120.3662109,24.36621666,25.71389389,25.47951508,25.69023666,0.0,0.219729915,0.219729915,0.014648661,21.93362236,21.78713608,1.0,0.0,1.0,1.0,1.0,1.0,1.0,0.0,0.0,0.0,0.0,0.0,1.0,0.0,0.0,0.0,0.0,0.0,0.0,0.0,0.0,0.0,0.0,0.0
2008-03-21 15:12:17.888000-07:00,24.62989235,24.36621666,24.27832413,24.16113472,120.3662109,120.4394531,24.41016197,25.71389389,25.52346039,25.69023684,0.0,0.219729915,0.219729915,0.014648661,21.93362236,21.78713608,1.0,0.0,1.0,1.0,1.0,1.0,1.0,0.0,0.0,0.0,0.0,0.0,1.0,0.0,0.0,0.0,0.0,0.0,0.0,0.0,0.0,0.0,0.0,0.0
2008-03-21 15:12:18.388000-07:00,24.64454079,24.24902725,24.23437881,24.14648628,120.3662109,120.4394531,24.35156822,25.69924545,25.46486664,25.69023695,0.0,0.219729915,0.219729915,0.014648661,21.93362236,21.78713608,1.0,0.0,1.0,1.0,1.0,1.0,1.0,0.0,0.0,0.0,0.0,0.0,1.0,0.0,0.0,0.0,0.0,0.0,0.0,0.0,0.0,0.0,0.0,0.0
2008-03-21 15:12:18.873000-07:00,24.64454079,24.23437881,24.20508194,24.35156822,120.3662109,120.4394531,24.42481041,25.71389389,25.52346039,25.69023707,0.0,0.219729915,0.219729915,0.014648661,21.93362236,21.78713608,1.0,0.0,1.0,1.0,1.0,1.0,1.0,0.0,0.0,0.0,0.0,0.0,1.0,0.0,0.0,0.0,0.0,0.0,0.0,0.0,0.0,0.0,0.0,0.0
2008-03-21 15:12:19.389000-07:00,24.62989235,24.307621,24.26367569,24.307621,120.3662109,120.4394531,24.35156822,25.71389389,25.52346039,25.69023717,0.0,0.219729915,0.219729915,0.014648661,21.93362236,21.78713608,1.0,0.0,1.0,1.0,1.0,1.0,1.0,0.0,0.0,0.0,0.0,0.0,1.0,0.0,0.0,0.0,0.0,0.0,0.0,0.0,0.0,0.0,0.0,0.0
2008-03-21 15:12:19.904000-07:00,24.62989235,24.307621,24.33691978,24.307621,120.3662109,120.4394531,24.35156822,25.71389389,25.53810883,25.69023728,0.0,0.219729915,0.219729915,0.014648661,21.93362236,21.78713608,1.0,0.0,1.0,1.0,1.0,1.0,1.0,0.0,0.0,0.0,0.0,0.0,1.0,0.0,0.0,0.0,0.0,0.0,0.0,0.0,0.0,0.0,0.0,0.0
2008-03-21 15:12:20.389000-07:00,24.62989235,24.33691978,24.33691978,24.16113472,120.3662109,120.4394531,24.35156822,25.71389389,25.46486664,25.69023735,0.0,0.219729915,0.14648661,0.0,21.93362236,21.78713608,1.0,0.0,1.0,1.0,1.0,1.0,1.0,0.0,0.0,0.0,0.0,0.0,1.0,0.0,0.0,0.0,0.0,0.0,0.0,0.0,0.0,0.0,0.0,0.0
2008-03-21 15:12:20.904000-07:00,24.61524391,24.26367569,24.27832413,24.32227135,120.3662109,120.4394531,24.32227135,25.71389389,25.52346039,25.69023744,0.0,0.219729915,0.14648661,0.0,21.93362236,21.78713608,1.0,0.0,1.0,1.0,1.0,1.0,1.0,0.0,0.0,0.0,0.0,0.0,1.0,0.0,0.0,0.0,0.0,0.0,0.0,0.0,0.0,0.0,0.0,0.0
2008-03-21 15:12:21.404000-07:00,24.62989235,24.3808651,24.36621666,24.1904335,120.3662109,120.4394531,24.35156822,25.69924545,25.47951508,25.6902375,0.0,0.219729915,0.219729915,0.014648661,21.93362236,21.78713608,1.0,0.0,1.0,1.0,1.0,1.0,1.0,0.0,0.0,0.0,0.0,0.0,1.0,0.0,0.0,0.0,0.0,0.0,0.0,0.0,0.0,0.0,0.0,0.0
2008-03-21 15:12:21.873000-07:00,24.62989235,24.36621666,24.35156822,24.23437881,120.3662109,120.4394531,24.42481041,25.71389389,25.47951508,25.69023756,0.0,0.219729915,0.14648661,0.0,21.93362236,21.78713608,1.0,0.0,1.0,1.0,1.0,1.0,1.0,0.0,0.0,0.0,0.0,0.0,1.0,0.0,0.0,0.0,0.0,0.0,0.0,0.0,0.0,0.0,0.0,0.0
2008-03-21 15:12:22.373000-07:00,24.64454079,24.33691978,24.29297256,24.14648628,120.3662109,120.4394531,24.45410919,25.71389389,25.46486664,25.69023761,0.0,0.219729915,0.219729915,0.014648661,21.93362236,21.78713608,1.0,0.0,1.0,1.0,1.0,1.0,1.0,0.0,0.0,0.0,0.0,0.0,1.0,0.0,0.0,0.0,0.0,0.0,0.0,0.0,0.0,0.0,0.0,0.0
2008-03-21 15:12:22.904000-07:00,24.64454079,24.307621,24.26367569,24.32227135,120.3662109,120.3662109,24.33691978,25.71389389,25.46486664,25.69023767,0.0,0.219729915,0.219729915,0.014648661,21.93362236,21.78713608,1.0,0.0,1.0,1.0,1.0,1.0,1.0,0.0,0.0,0.0,0.0,0.0,1.0,0.0,0.0,0.0,0.0,0.0,0.0,0.0,0.0,0.0,0.0,0.0
2008-03-21 15:12:23.373000-07:00,24.65918922,24.24902725,24.26367569,24.307621,120.3662109,120.4394531,24.43946075,25.71389389,25.53810883,25.6902377,0.0,0.219729915,0.29297322,0.029297322,21.93362236,21.78713608,1.0,0.0,1.0,1.0,1.0,1.0,1.0,0.0,0.0,0.0,0.0,0.0,1.0,0.0,0.0,0.0,0.0,0.0,0.0,0.0,0.0,0.0,0.0,0.0
2008-03-21 15:12:23.904000-07:00,24.62989235,24.32227135,24.29297256,24.16113472,120.3662109,120.4394531,24.35156822,25.71389389,25.46486664,25.69023775,0.0,0.219729915,0.219729915,0.0,21.93362236,21.78713608,1.0,0.0,1.0,1.0,1.0,1.0,1.0,0.0,0.0,0.0,0.0,0.0,1.0,0.0,0.0,0.0,0.0,0.0,0.0,0.0,0.0,0.0,0.0,0.0
2008-03-21 15:12:24.389000-07:00,24.62989235,24.26367569,24.20508194,24.24902725,120.3662109,120.4394531,24.43946075,25.71389389,25.53810883,25.69023778,0.0,0.219729915,0.219729915,0.014648661,21.93362236,21.78713608,1.0,0.0,1.0,1.0,1.0,1.0,1.0,0.0,0.0,0.0,0.0,0.0,1.0,0.0,0.0,0.0,0.0,0.0,0.0,0.0,0.0,0.0,0.0,0.0
2008-03-21 15:12:24.904000-07:00,24.61524391,24.27832413,24.24902725,24.17578316,120.3662109,120.4394531,24.33691978,25.71389389,25.46486664,25.6902378,0.0,0.219729915,0.219729915,0.014648661,21.93362236,21.78713608,1.0,0.0,1.0,1.0,1.0,1.0,1.0,0.0,0.0,0.0,0.0,0.0,1.0,0.0,0.0,0.0,0.0,0.0,0.0,0.0,0.0,0.0,0.0,0.0
2008-03-21 15:12:25.389000-07:00,24.62989235,24.1904335,24.1904335,24.23437881,120.3662109,120.4394531,24.35156822,25.71389389,25.52346039,25.69023784,0.0,0.219729915,0.219729915,0.014648661,21.93362236,21.78713608,1.0,0.0,1.0,1.0,1.0,1.0,1.0,0.0,0.0,0.0,0.0,0.0,1.0,0.0,0.0,0.0,0.0,0.0,0.0,0.0,0.0,0.0,0.0,0.0
2008-03-21 15:12:25.935000-07:00,24.65918922,24.33691978,24.32227135,24.17578316,120.3662109,120.3662109,24.41016197,25.71389389,25.46486664,25.69023785,0.0,0.219729915,0.219729915,0.014648661,21.93362236,21.78713608,1.0,0.0,1.0,1.0,1.0,1.0,1.0,0.0,0.0,0.0,0.0,0.0,1.0,0.0,0.0,0.0,0.0,0.0,0.0,0.0,0.0,0.0,0.0,0.0
2008-03-21 15:12:26.389000-07:00,24.61524391,24.26367569,24.26367569,24.33691978,120.3662109,120.4394531,24.33691978,25.71389389,25.55275726,25.69023788,0.0,0.219729915,0.14648661,0.014648661,21.93362236,21.78713608,1.0,0.0,1.0,1.0,1.0,1.0,1.0,0.0,0.0,0.0,0.0,0.0,1.0,0.0,0.0,0.0,0.0,0.0,0.0,0.0,0.0,0.0,0.0,0.0
2008-03-21 15:12:26.889000-07:00,24.61524391,24.20508194,24.21973038,24.35156822,120.3662109,120.4394531,24.33691978,25.71389389,25.53810883,25.69023788,0.0,0.219729915,0.219729915,0.014648661,21.93362236,21.78713608,1.0,0.0,1.0,1.0,1.0,1.0,1.0,0.0,0.0,0.0,0.0,0.0,1.0,0.0,0.0,0.0,0.0,0.0,0.0,0.0,0.0,0.0,0.0,0.0
2008-03-21 15:12:27.404000-07:00,24.61524391,24.33691978,24.29297256,24.14648628,120.3662109,120.4394531,24.3808651,25.71389389,25.46486664,25.69023789,0.0,0.219729915,0.14648661,0.014648661,21.93362236,21.78713608,1.0,0.0,1.0,1.0,1.0,1.0,1.0,0.0,0.0,0.0,0.0,0.0,1.0,0.0,0.0,0.0,0.0,0.0,0.0,0.0,0.0,0.0,0.0,0.0
2008-03-21 15:12:27.873000-07:00,24.64454079,24.23437881,24.1904335,24.1904335,120.3662109,120.4394531,24.36621666,25.71389389,25.49416351,25.69023791,0.0,0.219729915,0.219729915,0.029297322,21.93362236,21.78713608,1.0,0.0,1.0,1.0,1.0,1.0,1.0,0.0,0.0,0.0,0.0,0.0,1.0,0.0,0.0,0.0,0.0,0.0,0.0,0.0,0.0,0.0,0.0,0.0
2008-03-21 15:12:28.389000-07:00,24.62989235,24.1904335,24.29297256,24.24902725,120.3662109,120.4394531,24.39551353,25.71389389,25.49416351,25.69023791,0.0,0.29297322,0.219729915,0.014648661,21.93362236,21.78713608,1.0,0.0,1.0,1.0,1.0,1.0,1.0,0.0,0.0,0.0,0.0,0.0,1.0,0.0,0.0,0.0,0.0,0.0,0.0,0.0,0.0,0.0,0.0,0.0
2008-03-21 15:12:28.920000-07:00,24.62989235,24.36621666,24.24902725,24.23437881,120.3662109,120.3662109,24.35156822,25.71389389,25.47951508,25.69023792,0.0,0.219729915,0.219729915,0.014648661,21.93362236,21.78713608,1.0,0.0,1.0,1.0,1.0,1.0,1.0,0.0,0.0,0.0,0.0,0.0,1.0,0.0,0.0,0.0,0.0,0.0,0.0,0.0,0.0,0.0,0.0,0.0
2008-03-21 15:12:29.404000-07:00,24.62989235,24.23437881,24.23437881,24.26367569,120.3662109,120.4394531,24.45410919,25.72854233,25.52346039,25.69023791,0.0,0.219729915,0.219729915,0.0,21.93362236,21.78713608,1.0,0.0,1.0,1.0,1.0,1.0,1.0,0.0,0.0,0.0,0.0,0.0,1.0,0.0,0.0,0.0,0.0,0.0,0.0,0.0,0.0,0.0,0.0,0.0
2008-03-21 15:12:29.889000-07:00,24.62989235,24.36621666,24.35156822,24.14648628,120.3662109,120.4394531,24.35156822,25.69924545,25.46486664,25.6902379,0.0,0.219729915,0.219729915,0.014648661,21.93362236,21.78713608,1.0,0.0,1.0,1.0,1.0,1.0,1.0,0.0,0.0,0.0,0.0,0.0,1.0,0.0,0.0,0.0,0.0,0.0,0.0,0.0,0.0,0.0,0.0,0.0
2008-03-21 15:12:30.389000-07:00,24.64454079,24.17578316,24.1904335,24.32227135,120.3662109,120.4394531,24.43946075,25.71389389,25.55275726,25.69023792,0.0,0.219729915,0.219729915,0.0,21.93362236,21.78713608,1.0,0.0,1.0,1.0,1.0,1.0,1.0,0.0,0.0,0.0,0.0,0.0,1.0,0.0,0.0,0.0,0.0,0.0,0.0,0.0,0.0,0.0,0.0,0.0
